{
    "train_loss": [
        1.0815192461013794,
        1.0150786638259888,
        1.0092947483062744,
        0.9443685412406921
    ],
    "val_metrics": [
        {
            "mse": 1.6331499333333332,
            "mae": 0.7776666666666666,
            "prey_mse": 2.5369593333333325,
            "prey_mae": 1.026533333333333,
            "predator_mse": 0.7293405333333337,
            "predator_mae": 0.5288,
            "successful_count": 5,
            "total_count": 5,
            "total_flops": 2770741809532.0,
            "success_rate": 1.0
        },
        {
            "mse": 0.9551750333333331,
            "mae": 0.5220333333333333,
            "prey_mse": 1.7207953999999994,
            "prey_mae": 0.8122,
            "predator_mse": 0.18955466666666676,
            "predator_mae": 0.23186666666666675,
            "successful_count": 5,
            "total_count": 5,
            "total_flops": 2770741809532.0,
            "success_rate": 1.0
        },
        {
            "mse": 0.7359123333333331,
            "mae": 0.472,
            "prey_mse": 1.3548922666666656,
            "prey_mae": 0.7186666666666665,
            "predator_mse": 0.11693240000000012,
            "predator_mae": 0.22533333333333339,
            "successful_count": 5,
            "total_count": 5,
            "total_flops": 2770741809532.0,
            "success_rate": 1.0
        },
        {
            "mse": 0.7546810999999998,
            "mae": 0.4036333333333334,
            "prey_mse": 1.4494262666666662,
            "prey_mae": 0.6247999999999999,
            "predator_mse": 0.05993593333333334,
            "predator_mae": 0.18246666666666664,
            "successful_count": 5,
            "total_count": 5,
            "total_flops": 2770741809532.0,
            "success_rate": 1.0
        }
    ],
    "steps": [
        500,
        1000,
        1500,
        2000
    ]
}