{
    "train_loss": [
        0.8138603568077087,
        0.8271064758300781,
        0.8182359933853149
    ],
    "val_metrics": [
        {
            "mse": 0.25317143000000003,
            "mae": 0.34618000000000004,
            "prey_mse": 0.34871983000000006,
            "prey_mae": 0.4223700000000001,
            "predator_mse": 0.15762303000000003,
            "predator_mae": 0.26999000000000006,
            "successful_count": 10,
            "total_count": 10,
            "total_flops": 7122033735804.0,
            "success_rate": 1.0
        },
        {
            "mse": 0.42271956500000013,
            "mae": 0.44615499999999997,
            "prey_mse": 0.37594384000000014,
            "prey_mae": 0.41842000000000007,
            "predator_mse": 0.46949529000000007,
            "predator_mae": 0.47389000000000003,
            "successful_count": 10,
            "total_count": 10,
            "total_flops": 7122033735804.0,
            "success_rate": 1.0
        },
        {
            "mse": 0.14266219,
            "mae": 0.2355,
            "prey_mse": 0.060726539999999996,
            "prey_mae": 0.16429999999999997,
            "predator_mse": 0.22459783999999994,
            "predator_mae": 0.3067000000000001,
            "successful_count": 10,
            "total_count": 10,
            "total_flops": 7122033735804.0,
            "success_rate": 1.0
        }
    ],
    "steps": [
        1000,
        2000,
        3000
    ]
}