{
    "train_loss": [
        1.2717772722244263,
        1.1221941709518433,
        1.1621320247650146,
        1.145632028579712
    ],
    "val_metrics": [
        {
            "mse": 1.9983030666666661,
            "mae": 0.8769999999999998,
            "prey_mse": 3.274135733333332,
            "prey_mae": 1.1970666666666663,
            "predator_mse": 0.7224703999999997,
            "predator_mae": 0.5569333333333333,
            "successful_count": 5,
            "total_count": 5,
            "total_flops": 2767389153436.0,
            "success_rate": 1.0
        },
        {
            "mse": 1.9190016999999997,
            "mae": 0.8653666666666668,
            "prey_mse": 3.2292536,
            "prey_mae": 1.0957333333333334,
            "predator_mse": 0.6087497999999997,
            "predator_mae": 0.6349999999999999,
            "successful_count": 5,
            "total_count": 5,
            "total_flops": 2767389153436.0,
            "success_rate": 1.0
        },
        {
            "mse": 1.3128338666666668,
            "mae": 0.6599999999999999,
            "prey_mse": 2.239359133333333,
            "prey_mae": 0.8963333333333331,
            "predator_mse": 0.3863086000000002,
            "predator_mae": 0.42366666666666675,
            "successful_count": 5,
            "total_count": 5,
            "total_flops": 2767389153436.0,
            "success_rate": 1.0
        },
        {
            "mse": 1.0879230333333332,
            "mae": 0.5563,
            "prey_mse": 1.8886305333333333,
            "prey_mae": 0.7353333333333332,
            "predator_mse": 0.28721553333333333,
            "predator_mae": 0.37726666666666675,
            "successful_count": 5,
            "total_count": 5,
            "total_flops": 2767389153436.0,
            "success_rate": 1.0
        }
    ],
    "steps": [
        500,
        1000,
        1500,
        2000
    ]
}