{
    "train_loss": [
        1.2172375917434692,
        1.1169097423553467,
        1.1070846319198608,
        1.0323811769485474
    ],
    "val_metrics": [
        {
            "mse": 1.4987418999999995,
            "mae": 0.7521666666666664,
            "prey_mse": 2.328511933333332,
            "prey_mae": 0.9285999999999996,
            "predator_mse": 0.6689718666666665,
            "predator_mae": 0.5757333333333332,
            "successful_count": 5,
            "total_count": 5,
            "total_flops": 2770741809532.0,
            "success_rate": 1.0
        },
        {
            "mse": 1.3790045666666662,
            "mae": 0.6868333333333334,
            "prey_mse": 2.4190633999999998,
            "prey_mae": 0.9637999999999998,
            "predator_mse": 0.3389457333333334,
            "predator_mae": 0.40986666666666666,
            "successful_count": 5,
            "total_count": 5,
            "total_flops": 2770741809532.0,
            "success_rate": 1.0
        },
        {
            "mse": 1.394670533333333,
            "mae": 0.6161999999999999,
            "prey_mse": 2.6854829333333328,
            "prey_mae": 1.0003999999999997,
            "predator_mse": 0.10385813333333331,
            "predator_mae": 0.23199999999999993,
            "successful_count": 5,
            "total_count": 5,
            "total_flops": 2770741809532.0,
            "success_rate": 1.0
        },
        {
            "mse": 1.1419283999999998,
            "mae": 0.5016,
            "prey_mse": 2.1608478666666664,
            "prey_mae": 0.7755999999999998,
            "predator_mse": 0.12300893333333338,
            "predator_mae": 0.2276000000000001,
            "successful_count": 5,
            "total_count": 5,
            "total_flops": 2770741809532.0,
            "success_rate": 1.0
        }
    ],
    "steps": [
        500,
        1000,
        1500,
        2000
    ]
}