{
    "train_loss": [
        0.8434240221977234,
        0.8093443512916565,
        0.7392081022262573
    ],
    "val_metrics": [
        {
            "mse": 0.41091344999999996,
            "mae": 0.43423999999999996,
            "prey_mse": 0.46798668,
            "prey_mae": 0.47181999999999996,
            "predator_mse": 0.35384022000000004,
            "predator_mae": 0.39666,
            "successful_count": 10,
            "total_count": 10,
            "total_flops": 7116518552892.0,
            "success_rate": 1.0
        },
        {
            "mse": 0.43593358000000004,
            "mae": 0.43976,
            "prey_mse": 0.34087644000000006,
            "prey_mae": 0.39364,
            "predator_mse": 0.53099072,
            "predator_mae": 0.48588,
            "successful_count": 10,
            "total_count": 10,
            "total_flops": 7116518552892.0,
            "success_rate": 1.0
        },
        {
            "mse": 0.175934625,
            "mae": 0.276015,
            "prey_mse": 0.08343931000000004,
            "prey_mae": 0.19699000000000003,
            "predator_mse": 0.26842994,
            "predator_mae": 0.35503999999999997,
            "successful_count": 10,
            "total_count": 10,
            "total_flops": 7116518552892.0,
            "success_rate": 1.0
        }
    ],
    "steps": [
        1000,
        2000,
        3000
    ]
}