{
    "train_loss": [
        0.7835873365402222,
        0.7892908453941345,
        0.7858762145042419
    ],
    "val_metrics": [
        {
            "mse": 0.39238798500000016,
            "mae": 0.39543500000000004,
            "prey_mse": 0.36559141000000006,
            "prey_mae": 0.38741000000000003,
            "predator_mse": 0.41918456000000015,
            "predator_mae": 0.4034600000000001,
            "successful_count": 10,
            "total_count": 10,
            "total_flops": 7122033735804.0,
            "success_rate": 1.0
        },
        {
            "mse": 0.42697294,
            "mae": 0.4079999999999999,
            "prey_mse": 0.3565219400000001,
            "prey_mae": 0.39086000000000004,
            "predator_mse": 0.49742394,
            "predator_mae": 0.42513999999999996,
            "successful_count": 10,
            "total_count": 10,
            "total_flops": 7122033735804.0,
            "success_rate": 1.0
        },
        {
            "mse": 0.12612746000000002,
            "mae": 0.2532,
            "prey_mse": 0.14514835,
            "prey_mae": 0.27115,
            "predator_mse": 0.10710657000000001,
            "predator_mae": 0.23525000000000001,
            "successful_count": 10,
            "total_count": 10,
            "total_flops": 7122033735804.0,
            "success_rate": 1.0
        }
    ],
    "steps": [
        1000,
        2000,
        3000
    ]
}