{
    "train_loss": [
        1.123711347579956,
        1.0695003271102905,
        1.1032634973526,
        1.0925641059875488
    ],
    "val_metrics": [
        {
            "mse": 1.3947548000000003,
            "mae": 0.6801333333333334,
            "prey_mse": 2.1666268666666664,
            "prey_mae": 0.9298,
            "predator_mse": 0.6228827333333337,
            "predator_mae": 0.4304666666666668,
            "successful_count": 5,
            "total_count": 5,
            "total_flops": 2768506705468.0,
            "success_rate": 1.0
        },
        {
            "mse": 0.9827980999999995,
            "mae": 0.5451666666666666,
            "prey_mse": 1.714902866666666,
            "prey_mae": 0.7984666666666665,
            "predator_mse": 0.2506933333333334,
            "predator_mae": 0.29186666666666666,
            "successful_count": 5,
            "total_count": 5,
            "total_flops": 2768506705468.0,
            "success_rate": 1.0
        },
        {
            "mse": 1.1110156333333334,
            "mae": 0.5379666666666667,
            "prey_mse": 2.1134782,
            "prey_mae": 0.8841999999999997,
            "predator_mse": 0.10855306666666675,
            "predator_mae": 0.1917333333333334,
            "successful_count": 5,
            "total_count": 5,
            "total_flops": 2768506705468.0,
            "success_rate": 1.0
        },
        {
            "mse": 0.7713851999999998,
            "mae": 0.4238666666666668,
            "prey_mse": 1.4838937999999995,
            "prey_mae": 0.6647333333333333,
            "predator_mse": 0.058876600000000036,
            "predator_mae": 0.18300000000000005,
            "successful_count": 5,
            "total_count": 5,
            "total_flops": 2768506705468.0,
            "success_rate": 1.0
        }
    ],
    "steps": [
        500,
        1000,
        1500,
        2000
    ]
}