{
    "train_loss": [
        0.8385670185089111,
        0.8412398099899292,
        0.8332366347312927
    ],
    "val_metrics": [
        {
            "mse": 0.5681429600000001,
            "mae": 0.47662000000000004,
            "prey_mse": 0.7513580999999999,
            "prey_mae": 0.5463,
            "predator_mse": 0.38492782000000003,
            "predator_mae": 0.40693999999999997,
            "successful_count": 10,
            "total_count": 10,
            "total_flops": 7113760961436.0,
            "success_rate": 1.0
        },
        {
            "mse": 0.25422068,
            "mae": 0.35495,
            "prey_mse": 0.16674250999999998,
            "prey_mae": 0.30452999999999997,
            "predator_mse": 0.34169884999999994,
            "predator_mae": 0.4053699999999999,
            "successful_count": 10,
            "total_count": 10,
            "total_flops": 7113760961436.0,
            "success_rate": 1.0
        },
        {
            "mse": 0.359821155,
            "mae": 0.384495,
            "prey_mse": 0.13598690000000002,
            "prey_mae": 0.2294,
            "predator_mse": 0.5836554099999999,
            "predator_mae": 0.53959,
            "successful_count": 10,
            "total_count": 10,
            "total_flops": 7113760961436.0,
            "success_rate": 1.0
        }
    ],
    "steps": [
        1000,
        2000,
        3000
    ]
}