{"train/lr":9.594101818181819e-05,"train/loss":0.921933650970459,"train/step":500,"_wandb":{"runtime":25473},"_runtime":25471.963332,"train/grad_norm_after_clip":0.9999994357078589,"_step":1001,"flops/percent_used":2.976470084100096,"train/grad_norm_ratio":0.6089174730584842,"flops/total":2.976470084100096e+15,"train/grad_norm_before_clip":1.6422577441981414,"_timestamp":1.742105985552546e+09}