{
    "train_loss": [
        0.9706190228462219,
        0.9539180994033813,
        0.9414387941360474
    ],
    "val_metrics": [
        {
            "mse": 1.39556153,
            "mae": 0.81142,
            "prey_mse": 0.89979668,
            "prey_mae": 0.67272,
            "predator_mse": 1.89132638,
            "predator_mae": 0.9501200000000001,
            "successful_count": 10,
            "total_count": 10,
            "total_flops": 7113760961436.0,
            "success_rate": 1.0
        },
        {
            "mse": 1.975478215,
            "mae": 0.775545,
            "prey_mse": 2.51169398,
            "prey_mae": 0.8789200000000001,
            "predator_mse": 1.43926245,
            "predator_mae": 0.6721700000000002,
            "successful_count": 10,
            "total_count": 10,
            "total_flops": 7113760961436.0,
            "success_rate": 1.0
        },
        {
            "mse": 2.0307999949999997,
            "mae": 0.920475,
            "prey_mse": 2.27275137,
            "prey_mae": 0.8550700000000001,
            "predator_mse": 1.7888486200000002,
            "predator_mae": 0.9858800000000001,
            "successful_count": 10,
            "total_count": 10,
            "total_flops": 7113760961436.0,
            "success_rate": 1.0
        }
    ],
    "steps": [
        1000,
        2000,
        3000
    ]
}