{
    "train_loss": [
        1.0575240850448608,
        0.9391389489173889,
        0.9912312030792236,
        1.0245624780654907
    ],
    "val_metrics": [
        {
            "mse": 1.5587429666666666,
            "mae": 0.7414999999999998,
            "prey_mse": 2.5593136666666654,
            "prey_mae": 1.0595333333333332,
            "predator_mse": 0.5581722666666666,
            "predator_mae": 0.42346666666666655,
            "successful_count": 5,
            "total_count": 5,
            "total_flops": 2767389153436.0,
            "success_rate": 1.0
        },
        {
            "mse": 0.8710687333333336,
            "mae": 0.5152666666666667,
            "prey_mse": 1.5596730666666667,
            "prey_mae": 0.7917333333333335,
            "predator_mse": 0.18246440000000017,
            "predator_mae": 0.23880000000000012,
            "successful_count": 5,
            "total_count": 5,
            "total_flops": 2767389153436.0,
            "success_rate": 1.0
        },
        {
            "mse": 0.748151233333333,
            "mae": 0.46536666666666654,
            "prey_mse": 1.446753066666666,
            "prey_mae": 0.7617333333333332,
            "predator_mse": 0.04954940000000002,
            "predator_mae": 0.16900000000000007,
            "successful_count": 5,
            "total_count": 5,
            "total_flops": 2767389153436.0,
            "success_rate": 1.0
        },
        {
            "mse": 0.7326264,
            "mae": 0.42026666666666673,
            "prey_mse": 1.3630071333333333,
            "prey_mae": 0.6039333333333333,
            "predator_mse": 0.10224566666666675,
            "predator_mae": 0.2366000000000002,
            "successful_count": 5,
            "total_count": 5,
            "total_flops": 2767389153436.0,
            "success_rate": 1.0
        }
    ],
    "steps": [
        500,
        1000,
        1500,
        2000
    ]
}