{
    "train_loss": [
        1.055163025856018,
        0.9956319332122803,
        0.9864354133605957,
        0.9120726585388184
    ],
    "val_metrics": [
        {
            "mse": 1.3605719666666665,
            "mae": 0.6465666666666665,
            "prey_mse": 2.102468533333333,
            "prey_mae": 0.8661333333333332,
            "predator_mse": 0.6186754000000002,
            "predator_mae": 0.42699999999999994,
            "successful_count": 5,
            "total_count": 5,
            "total_flops": 2770741809532.0,
            "success_rate": 1.0
        },
        {
            "mse": 0.5736600999999999,
            "mae": 0.4317666666666666,
            "prey_mse": 0.9727183333333329,
            "prey_mae": 0.6123333333333333,
            "predator_mse": 0.1746018666666666,
            "predator_mae": 0.2512,
            "successful_count": 5,
            "total_count": 5,
            "total_flops": 2770741809532.0,
            "success_rate": 1.0
        },
        {
            "mse": 0.7092534999999998,
            "mae": 0.4288999999999999,
            "prey_mse": 1.3756609999999996,
            "prey_mae": 0.7071333333333333,
            "predator_mse": 0.042845999999999995,
            "predator_mae": 0.15066666666666662,
            "successful_count": 5,
            "total_count": 5,
            "total_flops": 2770741809532.0,
            "success_rate": 1.0
        },
        {
            "mse": 0.5926400666666665,
            "mae": 0.3435333333333333,
            "prey_mse": 1.1401561999999996,
            "prey_mae": 0.5303333333333331,
            "predator_mse": 0.04512393333333334,
            "predator_mae": 0.1567333333333334,
            "successful_count": 5,
            "total_count": 5,
            "total_flops": 2770741809532.0,
            "success_rate": 1.0
        }
    ],
    "steps": [
        500,
        1000,
        1500,
        2000
    ]
}