{
    "train_loss": [
        1.0879515409469604,
        0.9799749851226807,
        1.0300551652908325,
        1.032706618309021
    ],
    "val_metrics": [
        {
            "mse": 1.288823633333333,
            "mae": 0.6930999999999999,
            "prey_mse": 2.2917618666666657,
            "prey_mae": 0.9861333333333331,
            "predator_mse": 0.28588539999999985,
            "predator_mae": 0.40006666666666657,
            "successful_count": 5,
            "total_count": 5,
            "total_flops": 2767389153436.0,
            "success_rate": 1.0
        },
        {
            "mse": 1.1325812666666668,
            "mae": 0.553,
            "prey_mse": 2.1304281999999994,
            "prey_mae": 0.8747333333333331,
            "predator_mse": 0.13473433333333348,
            "predator_mae": 0.23126666666666673,
            "successful_count": 5,
            "total_count": 5,
            "total_flops": 2767389153436.0,
            "success_rate": 1.0
        },
        {
            "mse": 1.066958733333333,
            "mae": 0.5004666666666667,
            "prey_mse": 2.0980912666666667,
            "prey_mae": 0.8613999999999999,
            "predator_mse": 0.035826200000000016,
            "predator_mae": 0.13953333333333337,
            "successful_count": 5,
            "total_count": 5,
            "total_flops": 2767389153436.0,
            "success_rate": 1.0
        },
        {
            "mse": 0.7769094333333333,
            "mae": 0.3813666666666667,
            "prey_mse": 1.5213118666666665,
            "prey_mae": 0.6230666666666667,
            "predator_mse": 0.03250700000000002,
            "predator_mae": 0.13966666666666674,
            "successful_count": 5,
            "total_count": 5,
            "total_flops": 2767389153436.0,
            "success_rate": 1.0
        }
    ],
    "steps": [
        500,
        1000,
        1500,
        2000
    ]
}