{
    "train_loss": [
        0.9204813241958618,
        0.8339846730232239,
        0.8114412426948547,
        0.8624499440193176
    ],
    "val_metrics": [
        {
            "mse": 0.12860406666666668,
            "mae": 0.24533333333333332,
            "prey_mse": 0.17807426666666662,
            "prey_mae": 0.2838666666666666,
            "predator_mse": 0.07913386666666675,
            "predator_mae": 0.20680000000000004,
            "successful_count": 5,
            "total_count": 5,
            "total_flops": 2770741809532.0,
            "success_rate": 1.0
        },
        {
            "mse": 0.13690936666666667,
            "mae": 0.22943333333333332,
            "prey_mse": 0.2007231333333333,
            "prey_mae": 0.2761999999999999,
            "predator_mse": 0.0730956,
            "predator_mae": 0.1826666666666667,
            "successful_count": 5,
            "total_count": 5,
            "total_flops": 2770741809532.0,
            "success_rate": 1.0
        },
        {
            "mse": 0.27709476666666666,
            "mae": 0.2800333333333333,
            "prey_mse": 0.5274725333333333,
            "prey_mae": 0.4334666666666666,
            "predator_mse": 0.02671700000000001,
            "predator_mae": 0.12660000000000005,
            "successful_count": 5,
            "total_count": 5,
            "total_flops": 2770741809532.0,
            "success_rate": 1.0
        },
        {
            "mse": 0.03832659999999999,
            "mae": 0.12720000000000004,
            "prey_mse": 0.041253533333333266,
            "prey_mae": 0.12606666666666655,
            "predator_mse": 0.03539966666666672,
            "predator_mae": 0.12833333333333352,
            "successful_count": 5,
            "total_count": 5,
            "total_flops": 2770741809532.0,
            "success_rate": 1.0
        }
    ],
    "steps": [
        500,
        1000,
        1500,
        2000
    ]
}